mpa_original/1balcony.html:https://proptech.org.my/wp-content/uploads/2021/08/1Balcony_Logo-810x540.png
mpa_original/1balcony.html:https://proptech.org.my/wp-content/uploads/2021/08/1Balcony_Logo.png
mpa_original/alphacore-technology.html:https://proptech.org.my/wp-content/uploads/2022/04/AlphaCoreTech-01-811x541.png
mpa_original/alphacore-technology.html:https://proptech.org.my/wp-content/uploads/2022/04/AlphaCoreTech-01.png
mpa_original/briq-bloq.html:https://proptech.org.my/wp-content/uploads/2021/08/Briq_Bloq_Logo-810x540.png
mpa_original/briq-bloq.html:https://proptech.org.my/wp-content/uploads/2021/08/Briq_Bloq_Logo.png
mpa_original/bwave.html:https://proptech.org.my/wp-content/uploads/2021/08/bwave_Logo-810x540.png
mpa_original/bwave.html:https://proptech.org.my/wp-content/uploads/2021/08/bwave_Logo.png
mpa_original/cozyhomes.html:https://proptech.org.my/wp-content/uploads/2021/08/CozyHomes_Logo-810x540.png
mpa_original/cozyhomes.html:https://proptech.org.my/wp-content/uploads/2021/08/CozyHomes_Logo.png
mpa_original/dax.html:https://proptech.org.my/wp-content/uploads/2021/08/DASB_Logo-810x540.png
mpa_original/dax.html:https://proptech.org.my/wp-content/uploads/2021/08/DASB_Logo.png
mpa_original/estate-123.html:https://proptech.org.my/wp-content/uploads/2021/08/Estate123_Logo-810x540.png
mpa_original/estate-123.html:https://proptech.org.my/wp-content/uploads/2021/08/Estate123_Logo.png
mpa_original/fusionqb.html:https://proptech.org.my/wp-content/uploads/2021/08/FusionQB_Logo-01-811x541.png
mpa_original/fusionqb.html:https://proptech.org.my/wp-content/uploads/2021/08/FusionQB_Logo-01.png
mpa_original/hck-properties-sdn-bhd.html:https://proptech.org.my/wp-content/uploads/2022/09/33.HCK-Properties-1200x800.png
mpa_original/hck-properties-sdn-bhd.html:https://proptech.org.my/wp-content/uploads/2022/09/33.HCK-Properties-1200x800.png 1200w, https://proptech.org.my/wp-content/uploads/2022/09/33.HCK-Properties-2400x1600.png
mpa_original/hck-properties-sdn-bhd.html:https://proptech.org.my/wp-content/uploads/2022/09/33.HCK-Properties.png
mpa_original/heyprop.html:https://proptech.org.my/wp-content/uploads/2021/08/HeyProp_Logo-810x540.png
mpa_original/heyprop.html:https://proptech.org.my/wp-content/uploads/2021/08/HeyProp_Logo.png
mpa_original/hostplatform.html:https://proptech.org.my/wp-content/uploads/2021/08/HostPlatform_Logo-810x540.png
mpa_original/hostplatform.html:https://proptech.org.my/wp-content/uploads/2021/08/HostPlatform_Logo.png
mpa_original/index.html:https://proptech.org.my/wp-content/uploads/2021/07/MPA_Committee_2021-2023_positions-338x225.png
mpa_original/index.html:https://proptech.org.my/wp-content/uploads/2021/07/MPA_Committee_2021-2023_positions-338x225.png 338w, https://proptech.org.my/wp-content/uploads/2021/07/MPA_Committee_2021-2023_positions-575x383.png
mpa_original/index.html:https://proptech.org.my/wp-content/uploads/2021/08/Angela_Kew.png
mpa_original/index.html:https://proptech.org.my/wp-content/uploads/2021/08/DG-Head-2021-300x270.png
mpa_original/index.html:https://proptech.org.my/wp-content/uploads/2021/08/DG-Head-2021-300x270.png 300w, https://proptech.org.my/wp-content/uploads/2021/08/DG-Head-2021.png
mpa_original/index.html:https://proptech.org.my/wp-content/uploads/2021/08/KW_Wong.png
mpa_original/index.html:https://proptech.org.my/wp-content/uploads/2021/08/MaGIC-01.png
mpa_original/index.html:https://proptech.org.my/wp-content/uploads/2021/08/MPA-FrontPage-Diagonal-Bottom-01.png
mpa_original/index.html:https://proptech.org.my/wp-content/uploads/2021/08/MPA-FrontPage-Diagonal-Top-01.png
mpa_original/index.html:https://proptech.org.my/wp-content/uploads/2021/08/MPA-FrontPage-Mandates-Employment-01.png
mpa_original/index.html:https://proptech.org.my/wp-content/uploads/2021/08/MPA-FrontPage-Mandates-Events-01.png
mpa_original/index.html:https://proptech.org.my/wp-content/uploads/2021/08/MPA-FrontPage-Mandates-Innovation-01.png
mpa_original/index.html:https://proptech.org.my/wp-content/uploads/2021/08/MPA-FrontPage-Mandates-Inspire-01.png
mpa_original/index.html:https://proptech.org.my/wp-content/uploads/2021/08/MPA-FrontPage-Mandates-Partnerships-01.png
mpa_original/index.html:https://proptech.org.my/wp-content/uploads/2021/08/MPA-FrontPage-Mandates-Promote-01.png
mpa_original/index.html:https://proptech.org.my/wp-content/uploads/2021/08/MPA-FrontPage-WhyJoinUs-Events-01.png
mpa_original/index.html:https://proptech.org.my/wp-content/uploads/2021/08/MPA-FrontPage-WhyJoinUs-Fundings-01.png
mpa_original/index.html:https://proptech.org.my/wp-content/uploads/2021/08/MPA-FrontPage-WhyJoinUs-Partnerships-01.png
mpa_original/index.html:https://proptech.org.my/wp-content/uploads/2021/08/Proptech-BNE-01.png
mpa_original/index.html:https://proptech.org.my/wp-content/uploads/2021/08/Proptech-For-Good-01.png
mpa_original/index.html:https://proptech.org.my/wp-content/uploads/2021/08/PropTechHK-01-01.png
mpa_original/index.html:https://proptech.org.my/wp-content/uploads/2021/08/Tharma.png
mpa_original/index.html:https://proptech.org.my/wp-content/uploads/2021/08/Unissu-01.png
mpa_original/index.html:https://proptech.org.my/wp-content/uploads/2021/09/RE-Connect-MPA-338x225.png
mpa_original/index.html:https://proptech.org.my/wp-content/uploads/2021/09/RE-Connect-MPA-338x225.png 338w, https://proptech.org.my/wp-content/uploads/2021/09/RE-Connect-MPA-575x383.png
mpa_original/index.html:https://proptech.org.my/wp-content/uploads/2021/09/Singapore-nightline-mpa-apps2021-338x225.jpg
mpa_original/index.html:https://proptech.org.my/wp-content/uploads/2021/09/Singapore-nightline-mpa-apps2021-338x225.jpg 338w, https://proptech.org.my/wp-content/uploads/2021/09/Singapore-nightline-mpa-apps2021-575x383.jpg
mpa_original/index.html:https://proptech.org.my/wp-content/uploads/2021/10/35-Years-of-Proptech-Fostering-A-Bright-Start-To-Proptech-4.0-371x248.png
mpa_original/index.html:https://proptech.org.my/wp-content/uploads/2021/10/Asia-Proptech-01.png
mpa_original/index.html:https://proptech.org.my/wp-content/uploads/2021/10/indonesia-proptech-association-01.png
mpa_original/index.html:https://proptech.org.my/wp-content/uploads/2021/10/Proptech-Japan-01.png
mpa_original/index.html:https://proptech.org.my/wp-content/uploads/2021/10/Sample2-20210505-PLA-FB-Funding-PitchIN-2-01-338x225.png
mpa_original/index.html:https://proptech.org.my/wp-content/uploads/2021/10/Sample2-20210505-PLA-FB-Funding-PitchIN-2-01-338x225.png 338w, https://proptech.org.my/wp-content/uploads/2021/10/Sample2-20210505-PLA-FB-Funding-PitchIN-2-01-575x383.png
mpa_original/index.html:https://proptech.org.my/wp-content/uploads/2021/11/Craddle-ticker.png
mpa_original/index.html:https://proptech.org.my/wp-content/uploads/2021/11/LHC-ticker.png
mpa_original/ineighbour.html:https://proptech.org.my/wp-content/uploads/2021/08/iNeighbour_Logo-810x540.png
mpa_original/ineighbour.html:https://proptech.org.my/wp-content/uploads/2021/08/iNeighbour_Logo.png
mpa_original/isolutions.html:https://proptech.org.my/wp-content/uploads/2021/09/iSolution_Logo-01-811x541.png
mpa_original/isolutions.html:https://proptech.org.my/wp-content/uploads/2021/09/iSolution_Logo-01.png
mpa_original/linkzzapp-pro.html:https://proptech.org.my/wp-content/uploads/2021/08/LinkZZApp_Logo-810x540.png
mpa_original/linkzzapp-pro.html:https://proptech.org.my/wp-content/uploads/2021/08/LinkZZApp_Logo.png
mpa_original/mandarin-fox-sdn-bhd.html:https://proptech.org.my/wp-content/uploads/2022/04/Mandarin-Fox-01-01-811x541.png
mpa_original/mandarin-fox-sdn-bhd.html:https://proptech.org.my/wp-content/uploads/2022/04/Mandarin-Fox-01-01.png
mpa_original/members-directory-full.html:https://proptech.org.my/wp-content/uploads/2021/08/1Balcony_Logo-768x461.png
mpa_original/members-directory-full.html:https://proptech.org.my/wp-content/uploads/2021/08/1Balcony_Logo-768x461.png 768w, https://proptech.org.my/wp-content/uploads/2021/08/1Balcony_Logo-898x540.png
mpa_original/members-directory-full.html:https://proptech.org.my/wp-content/uploads/2021/08/26.-Mylivin-768x461.png
mpa_original/members-directory-full.html:https://proptech.org.my/wp-content/uploads/2021/08/26.-Mylivin-768x461.png 768w, https://proptech.org.my/wp-content/uploads/2021/08/26.-Mylivin-1152x692.png
mpa_original/members-directory-full.html:https://proptech.org.my/wp-content/uploads/2021/08/Briq_Bloq_Logo-768x461.png
mpa_original/members-directory-full.html:https://proptech.org.my/wp-content/uploads/2021/08/Briq_Bloq_Logo-768x461.png 768w, https://proptech.org.my/wp-content/uploads/2021/08/Briq_Bloq_Logo-898x540.png
mpa_original/members-directory-full.html:https://proptech.org.my/wp-content/uploads/2021/08/bwave_Logo-768x461.png
mpa_original/members-directory-full.html:https://proptech.org.my/wp-content/uploads/2021/08/bwave_Logo-768x461.png 768w, https://proptech.org.my/wp-content/uploads/2021/08/bwave_Logo-898x540.png
mpa_original/members-directory-full.html:https://proptech.org.my/wp-content/uploads/2021/08/CozyHomes_Logo-768x461.png
mpa_original/members-directory-full.html:https://proptech.org.my/wp-content/uploads/2021/08/CozyHomes_Logo-768x461.png 768w, https://proptech.org.my/wp-content/uploads/2021/08/CozyHomes_Logo-898x540.png
mpa_original/members-directory-full.html:https://proptech.org.my/wp-content/uploads/2021/08/DASB_Logo-768x461.png
mpa_original/members-directory-full.html:https://proptech.org.my/wp-content/uploads/2021/08/DASB_Logo-768x461.png 768w, https://proptech.org.my/wp-content/uploads/2021/08/DASB_Logo-898x540.png
mpa_original/members-directory-full.html:https://proptech.org.my/wp-content/uploads/2021/08/Estate123_Logo-768x461.png
mpa_original/members-directory-full.html:https://proptech.org.my/wp-content/uploads/2021/08/Estate123_Logo-768x461.png 768w, https://proptech.org.my/wp-content/uploads/2021/08/Estate123_Logo-898x540.png
mpa_original/members-directory-full.html:https://proptech.org.my/wp-content/uploads/2021/08/FusionQB_Logo-01-768x461.png
mpa_original/members-directory-full.html:https://proptech.org.my/wp-content/uploads/2021/08/FusionQB_Logo-01-768x461.png 768w, https://proptech.org.my/wp-content/uploads/2021/08/FusionQB_Logo-01.png
mpa_original/members-directory-full.html:https://proptech.org.my/wp-content/uploads/2021/08/HeyProp_Logo-768x461.png
mpa_original/members-directory-full.html:https://proptech.org.my/wp-content/uploads/2021/08/HeyProp_Logo-768x461.png 768w, https://proptech.org.my/wp-content/uploads/2021/08/HeyProp_Logo-898x540.png
mpa_original/members-directory-full.html:https://proptech.org.my/wp-content/uploads/2021/08/HostPlatform_Logo-768x461.png
mpa_original/members-directory-full.html:https://proptech.org.my/wp-content/uploads/2021/08/HostPlatform_Logo-768x461.png 768w, https://proptech.org.my/wp-content/uploads/2021/08/HostPlatform_Logo-898x540.png
mpa_original/members-directory-full.html:https://proptech.org.my/wp-content/uploads/2021/08/iNeighbour_Logo-768x461.png
mpa_original/members-directory-full.html:https://proptech.org.my/wp-content/uploads/2021/08/iNeighbour_Logo-768x461.png 768w, https://proptech.org.my/wp-content/uploads/2021/08/iNeighbour_Logo-898x540.png
mpa_original/members-directory-full.html:https://proptech.org.my/wp-content/uploads/2021/08/LinkZZApp_Logo-768x461.png
mpa_original/members-directory-full.html:https://proptech.org.my/wp-content/uploads/2021/08/LinkZZApp_Logo-768x461.png 768w, https://proptech.org.my/wp-content/uploads/2021/08/LinkZZApp_Logo-898x540.png
mpa_original/members-directory-full.html:https://proptech.org.my/wp-content/uploads/2021/08/MHub_Logo-768x461.png
mpa_original/members-directory-full.html:https://proptech.org.my/wp-content/uploads/2021/08/MHub_Logo-768x461.png 768w, https://proptech.org.my/wp-content/uploads/2021/08/MHub_Logo-898x540.png
mpa_original/members-directory-full.html:https://proptech.org.my/wp-content/uploads/2021/08/Nextsix_Logo-768x461.png
mpa_original/members-directory-full.html:https://proptech.org.my/wp-content/uploads/2021/08/Nextsix_Logo-768x461.png 768w, https://proptech.org.my/wp-content/uploads/2021/08/Nextsix_Logo-898x540.png
mpa_original/members-directory-full.html:https://proptech.org.my/wp-content/uploads/2021/08/Propenomy_Logo-768x461.png
mpa_original/members-directory-full.html:https://proptech.org.my/wp-content/uploads/2021/08/Propenomy_Logo-768x461.png 768w, https://proptech.org.my/wp-content/uploads/2021/08/Propenomy_Logo-898x540.png
mpa_original/members-directory-full.html:https://proptech.org.my/wp-content/uploads/2021/08/Properly_Logo-768x461.png
mpa_original/members-directory-full.html:https://proptech.org.my/wp-content/uploads/2021/08/Properly_Logo-768x461.png 768w, https://proptech.org.my/wp-content/uploads/2021/08/Properly_Logo-898x540.png
mpa_original/members-directory-full.html:https://proptech.org.my/wp-content/uploads/2021/08/PropertyHunter_Logo-768x461.png
mpa_original/members-directory-full.html:https://proptech.org.my/wp-content/uploads/2021/08/PropertyHunter_Logo-768x461.png 768w, https://proptech.org.my/wp-content/uploads/2021/08/PropertyHunter_Logo-898x540.png
mpa_original/members-directory-full.html:https://proptech.org.my/wp-content/uploads/2021/08/Prosales-Logo-768x461.png
mpa_original/members-directory-full.html:https://proptech.org.my/wp-content/uploads/2021/08/Prosales-Logo-768x461.png 768w, https://proptech.org.my/wp-content/uploads/2021/08/Prosales-Logo-898x540.png
mpa_original/members-directory-full.html:https://proptech.org.my/wp-content/uploads/2021/08/Rekatone_Logo-768x461.png
mpa_original/members-directory-full.html:https://proptech.org.my/wp-content/uploads/2021/08/Rekatone_Logo-768x461.png 768w, https://proptech.org.my/wp-content/uploads/2021/08/Rekatone_Logo-898x540.png
mpa_original/members-directory-full.html:https://proptech.org.my/wp-content/uploads/2021/08/Rentlab_Logo-768x461.png
mpa_original/members-directory-full.html:https://proptech.org.my/wp-content/uploads/2021/08/Rentlab_Logo-768x461.png 768w, https://proptech.org.my/wp-content/uploads/2021/08/Rentlab_Logo-898x540.png
mpa_original/members-directory-full.html:https://proptech.org.my/wp-content/uploads/2021/08/Salescandy_Logo-768x461.png
mpa_original/members-directory-full.html:https://proptech.org.my/wp-content/uploads/2021/08/Salescandy_Logo-768x461.png 768w, https://proptech.org.my/wp-content/uploads/2021/08/Salescandy_Logo-898x540.png
mpa_original/members-directory-full.html:https://proptech.org.my/wp-content/uploads/2021/08/Servedeck-Logo-768x461.png
mpa_original/members-directory-full.html:https://proptech.org.my/wp-content/uploads/2021/08/Servedeck-Logo-768x461.png 768w, https://proptech.org.my/wp-content/uploads/2021/08/Servedeck-Logo-898x540.png
mpa_original/members-directory-full.html:https://proptech.org.my/wp-content/uploads/2021/08/Smplrspace_Logo-768x461.png
mpa_original/members-directory-full.html:https://proptech.org.my/wp-content/uploads/2021/08/Smplrspace_Logo-768x461.png 768w, https://proptech.org.my/wp-content/uploads/2021/08/Smplrspace_Logo-898x540.png
mpa_original/members-directory-full.html:https://proptech.org.my/wp-content/uploads/2021/08/SquareFeetPro_Logo-768x461.png
mpa_original/members-directory-full.html:https://proptech.org.my/wp-content/uploads/2021/08/SquareFeetPro_Logo-768x461.png 768w, https://proptech.org.my/wp-content/uploads/2021/08/SquareFeetPro_Logo-898x540.png
mpa_original/members-directory-full.html:https://proptech.org.my/wp-content/uploads/2021/08/T_Logo-768x461.png
mpa_original/members-directory-full.html:https://proptech.org.my/wp-content/uploads/2021/08/T_Logo-768x461.png 768w, https://proptech.org.my/wp-content/uploads/2021/08/T_Logo-898x540.png
mpa_original/members-directory-full.html:https://proptech.org.my/wp-content/uploads/2021/08/VendFun_Logo-768x461.png
mpa_original/members-directory-full.html:https://proptech.org.my/wp-content/uploads/2021/08/VendFun_Logo-768x461.png 768w, https://proptech.org.my/wp-content/uploads/2021/08/VendFun_Logo-898x540.png
mpa_original/members-directory-full.html:https://proptech.org.my/wp-content/uploads/2021/08/Widebed_Logo-768x461.png
mpa_original/members-directory-full.html:https://proptech.org.my/wp-content/uploads/2021/08/Widebed_Logo-768x461.png 768w, https://proptech.org.my/wp-content/uploads/2021/08/Widebed_Logo-898x540.png
mpa_original/members-directory-full.html:https://proptech.org.my/wp-content/uploads/2021/09/iSolution_Logo-01-768x461.png
mpa_original/members-directory-full.html:https://proptech.org.my/wp-content/uploads/2021/09/iSolution_Logo-01-768x461.png 768w, https://proptech.org.my/wp-content/uploads/2021/09/iSolution_Logo-01.png
mpa_original/members-directory-full.html:https://proptech.org.my/wp-content/uploads/2021/11/Novo-Reperio-01-768x461.png
mpa_original/members-directory-full.html:https://proptech.org.my/wp-content/uploads/2021/11/Novo-Reperio-01-768x461.png 768w, https://proptech.org.my/wp-content/uploads/2021/11/Novo-Reperio-01.png
mpa_original/members-directory-full.html:https://proptech.org.my/wp-content/uploads/2022/04/AlphaCoreTech-01-768x461.png
mpa_original/members-directory-full.html:https://proptech.org.my/wp-content/uploads/2022/04/AlphaCoreTech-01-768x461.png 768w, https://proptech.org.my/wp-content/uploads/2022/04/AlphaCoreTech-01.png
mpa_original/members-directory-full.html:https://proptech.org.my/wp-content/uploads/2022/04/Mandarin-Fox-01-01-768x461.png
mpa_original/members-directory-full.html:https://proptech.org.my/wp-content/uploads/2022/04/Mandarin-Fox-01-01-768x461.png 768w, https://proptech.org.my/wp-content/uploads/2022/04/Mandarin-Fox-01-01.png
mpa_original/members-directory-full.html:https://proptech.org.my/wp-content/uploads/2022/04/SoftwareONE-01-768x461.png
mpa_original/members-directory-full.html:https://proptech.org.my/wp-content/uploads/2022/04/SoftwareONE-01-768x461.png 768w, https://proptech.org.my/wp-content/uploads/2022/04/SoftwareONE-01.png
mpa_original/members-directory-full.html:https://proptech.org.my/wp-content/uploads/2022/09/33.HCK-Properties-768x461.png
mpa_original/members-directory-full.html:https://proptech.org.my/wp-content/uploads/2022/09/33.HCK-Properties-768x461.png 768w, https://proptech.org.my/wp-content/uploads/2022/09/33.HCK-Properties-1152x692.png
mpa_original/members-directory-full.html:https://proptech.org.my/wp-content/uploads/2022/09/34.-Nuveq-768x461.png
mpa_original/members-directory-full.html:https://proptech.org.my/wp-content/uploads/2022/09/34.-Nuveq-768x461.png 768w, https://proptech.org.my/wp-content/uploads/2022/09/34.-Nuveq-1152x692.png
mpa_original/members-directory-full.html:https://proptech.org.my/wp-content/uploads/2022/12/35.-iCares-768x461.png
mpa_original/members-directory-full.html:https://proptech.org.my/wp-content/uploads/2022/12/35.-iCares-768x461.png 768w, https://proptech.org.my/wp-content/uploads/2022/12/35.-iCares-1152x692.png
mpa_original/members-directory-full.html:https://proptech.org.my/wp-content/uploads/2022/12/36.-Axaipay-2-768x461.png
mpa_original/members-directory-full.html:https://proptech.org.my/wp-content/uploads/2022/12/36.-Axaipay-2-768x461.png 768w, https://proptech.org.my/wp-content/uploads/2022/12/36.-Axaipay-2-1152x692.png
mpa_original/members-directory-full.html:https://proptech.org.my/wp-content/uploads/2022/12/37.-speedbrick-768x461.png
mpa_original/members-directory-full.html:https://proptech.org.my/wp-content/uploads/2022/12/37.-speedbrick-768x461.png 768w, https://proptech.org.my/wp-content/uploads/2022/12/37.-speedbrick-1152x692.png
mpa_original/members-directory-full.html:https://proptech.org.my/wp-content/uploads/2022/12/40.-pitchIN-768x461.png
mpa_original/members-directory-full.html:https://proptech.org.my/wp-content/uploads/2022/12/40.-pitchIN-768x461.png 768w, https://proptech.org.my/wp-content/uploads/2022/12/40.-pitchIN-1152x692.png
mpa_original/members-directory-full.html:https://proptech.org.my/wp-content/uploads/2022/12/41.-HOMII-768x461.png
mpa_original/members-directory-full.html:https://proptech.org.my/wp-content/uploads/2022/12/41.-HOMII-768x461.png 768w, https://proptech.org.my/wp-content/uploads/2022/12/41.-HOMII-1152x692.png
mpa_original/members-directory.html:https://proptech.org.my/wp-content/uploads/2021/08/1Balcony_Logo-768x461.png
mpa_original/members-directory.html:https://proptech.org.my/wp-content/uploads/2021/08/1Balcony_Logo-768x461.png 768w, https://proptech.org.my/wp-content/uploads/2021/08/1Balcony_Logo-898x540.png
mpa_original/members-directory.html:https://proptech.org.my/wp-content/uploads/2021/08/26.-Mylivin-768x461.png
mpa_original/members-directory.html:https://proptech.org.my/wp-content/uploads/2021/08/26.-Mylivin-768x461.png 768w, https://proptech.org.my/wp-content/uploads/2021/08/26.-Mylivin-1152x692.png
mpa_original/members-directory.html:https://proptech.org.my/wp-content/uploads/2021/08/Briq_Bloq_Logo-768x461.png
mpa_original/members-directory.html:https://proptech.org.my/wp-content/uploads/2021/08/Briq_Bloq_Logo-768x461.png 768w, https://proptech.org.my/wp-content/uploads/2021/08/Briq_Bloq_Logo-898x540.png
mpa_original/members-directory.html:https://proptech.org.my/wp-content/uploads/2021/08/bwave_Logo-768x461.png
mpa_original/members-directory.html:https://proptech.org.my/wp-content/uploads/2021/08/bwave_Logo-768x461.png 768w, https://proptech.org.my/wp-content/uploads/2021/08/bwave_Logo-898x540.png
mpa_original/members-directory.html:https://proptech.org.my/wp-content/uploads/2021/08/CozyHomes_Logo-768x461.png
mpa_original/members-directory.html:https://proptech.org.my/wp-content/uploads/2021/08/CozyHomes_Logo-768x461.png 768w, https://proptech.org.my/wp-content/uploads/2021/08/CozyHomes_Logo-898x540.png
mpa_original/members-directory.html:https://proptech.org.my/wp-content/uploads/2021/08/DASB_Logo-768x461.png
mpa_original/members-directory.html:https://proptech.org.my/wp-content/uploads/2021/08/DASB_Logo-768x461.png 768w, https://proptech.org.my/wp-content/uploads/2021/08/DASB_Logo-898x540.png
mpa_original/members-directory.html:https://proptech.org.my/wp-content/uploads/2021/08/Estate123_Logo-768x461.png
mpa_original/members-directory.html:https://proptech.org.my/wp-content/uploads/2021/08/Estate123_Logo-768x461.png 768w, https://proptech.org.my/wp-content/uploads/2021/08/Estate123_Logo-898x540.png
mpa_original/members-directory.html:https://proptech.org.my/wp-content/uploads/2021/08/FusionQB_Logo-01-768x461.png
mpa_original/members-directory.html:https://proptech.org.my/wp-content/uploads/2021/08/FusionQB_Logo-01-768x461.png 768w, https://proptech.org.my/wp-content/uploads/2021/08/FusionQB_Logo-01.png
mpa_original/members-directory.html:https://proptech.org.my/wp-content/uploads/2021/08/HeyProp_Logo-768x461.png
mpa_original/members-directory.html:https://proptech.org.my/wp-content/uploads/2021/08/HeyProp_Logo-768x461.png 768w, https://proptech.org.my/wp-content/uploads/2021/08/HeyProp_Logo-898x540.png
mpa_original/members-directory.html:https://proptech.org.my/wp-content/uploads/2021/08/HostPlatform_Logo-768x461.png
mpa_original/members-directory.html:https://proptech.org.my/wp-content/uploads/2021/08/HostPlatform_Logo-768x461.png 768w, https://proptech.org.my/wp-content/uploads/2021/08/HostPlatform_Logo-898x540.png
mpa_original/members-directory.html:https://proptech.org.my/wp-content/uploads/2021/08/iNeighbour_Logo-768x461.png
mpa_original/members-directory.html:https://proptech.org.my/wp-content/uploads/2021/08/iNeighbour_Logo-768x461.png 768w, https://proptech.org.my/wp-content/uploads/2021/08/iNeighbour_Logo-898x540.png
mpa_original/members-directory.html:https://proptech.org.my/wp-content/uploads/2021/08/LinkZZApp_Logo-768x461.png
mpa_original/members-directory.html:https://proptech.org.my/wp-content/uploads/2021/08/LinkZZApp_Logo-768x461.png 768w, https://proptech.org.my/wp-content/uploads/2021/08/LinkZZApp_Logo-898x540.png
mpa_original/members-directory.html:https://proptech.org.my/wp-content/uploads/2021/08/MHub_Logo-768x461.png
mpa_original/members-directory.html:https://proptech.org.my/wp-content/uploads/2021/08/MHub_Logo-768x461.png 768w, https://proptech.org.my/wp-content/uploads/2021/08/MHub_Logo-898x540.png
mpa_original/members-directory.html:https://proptech.org.my/wp-content/uploads/2021/08/Nextsix_Logo-768x461.png
mpa_original/members-directory.html:https://proptech.org.my/wp-content/uploads/2021/08/Nextsix_Logo-768x461.png 768w, https://proptech.org.my/wp-content/uploads/2021/08/Nextsix_Logo-898x540.png
mpa_original/members-directory.html:https://proptech.org.my/wp-content/uploads/2021/08/Propenomy_Logo-768x461.png
mpa_original/members-directory.html:https://proptech.org.my/wp-content/uploads/2021/08/Propenomy_Logo-768x461.png 768w, https://proptech.org.my/wp-content/uploads/2021/08/Propenomy_Logo-898x540.png
mpa_original/members-directory.html:https://proptech.org.my/wp-content/uploads/2021/08/Properly_Logo-768x461.png
mpa_original/members-directory.html:https://proptech.org.my/wp-content/uploads/2021/08/Properly_Logo-768x461.png 768w, https://proptech.org.my/wp-content/uploads/2021/08/Properly_Logo-898x540.png
mpa_original/members-directory.html:https://proptech.org.my/wp-content/uploads/2021/08/PropertyHunter_Logo-768x461.png
mpa_original/members-directory.html:https://proptech.org.my/wp-content/uploads/2021/08/PropertyHunter_Logo-768x461.png 768w, https://proptech.org.my/wp-content/uploads/2021/08/PropertyHunter_Logo-898x540.png
mpa_original/members-directory.html:https://proptech.org.my/wp-content/uploads/2021/08/Prosales-Logo-768x461.png
mpa_original/members-directory.html:https://proptech.org.my/wp-content/uploads/2021/08/Prosales-Logo-768x461.png 768w, https://proptech.org.my/wp-content/uploads/2021/08/Prosales-Logo-898x540.png
mpa_original/members-directory.html:https://proptech.org.my/wp-content/uploads/2021/08/Rekatone_Logo-768x461.png
mpa_original/members-directory.html:https://proptech.org.my/wp-content/uploads/2021/08/Rekatone_Logo-768x461.png 768w, https://proptech.org.my/wp-content/uploads/2021/08/Rekatone_Logo-898x540.png
mpa_original/members-directory.html:https://proptech.org.my/wp-content/uploads/2021/08/Rentlab_Logo-768x461.png
mpa_original/members-directory.html:https://proptech.org.my/wp-content/uploads/2021/08/Rentlab_Logo-768x461.png 768w, https://proptech.org.my/wp-content/uploads/2021/08/Rentlab_Logo-898x540.png
mpa_original/members-directory.html:https://proptech.org.my/wp-content/uploads/2021/08/Salescandy_Logo-768x461.png
mpa_original/members-directory.html:https://proptech.org.my/wp-content/uploads/2021/08/Salescandy_Logo-768x461.png 768w, https://proptech.org.my/wp-content/uploads/2021/08/Salescandy_Logo-898x540.png
mpa_original/members-directory.html:https://proptech.org.my/wp-content/uploads/2021/08/Servedeck-Logo-768x461.png
mpa_original/members-directory.html:https://proptech.org.my/wp-content/uploads/2021/08/Servedeck-Logo-768x461.png 768w, https://proptech.org.my/wp-content/uploads/2021/08/Servedeck-Logo-898x540.png
mpa_original/members-directory.html:https://proptech.org.my/wp-content/uploads/2021/08/Smplrspace_Logo-768x461.png
mpa_original/members-directory.html:https://proptech.org.my/wp-content/uploads/2021/08/Smplrspace_Logo-768x461.png 768w, https://proptech.org.my/wp-content/uploads/2021/08/Smplrspace_Logo-898x540.png
mpa_original/members-directory.html:https://proptech.org.my/wp-content/uploads/2021/08/SquareFeetPro_Logo-768x461.png
mpa_original/members-directory.html:https://proptech.org.my/wp-content/uploads/2021/08/SquareFeetPro_Logo-768x461.png 768w, https://proptech.org.my/wp-content/uploads/2021/08/SquareFeetPro_Logo-898x540.png
mpa_original/members-directory.html:https://proptech.org.my/wp-content/uploads/2021/08/T_Logo-768x461.png
mpa_original/members-directory.html:https://proptech.org.my/wp-content/uploads/2021/08/T_Logo-768x461.png 768w, https://proptech.org.my/wp-content/uploads/2021/08/T_Logo-898x540.png
mpa_original/members-directory.html:https://proptech.org.my/wp-content/uploads/2021/08/VendFun_Logo-768x461.png
mpa_original/members-directory.html:https://proptech.org.my/wp-content/uploads/2021/08/VendFun_Logo-768x461.png 768w, https://proptech.org.my/wp-content/uploads/2021/08/VendFun_Logo-898x540.png
mpa_original/members-directory.html:https://proptech.org.my/wp-content/uploads/2021/08/Widebed_Logo-768x461.png
mpa_original/members-directory.html:https://proptech.org.my/wp-content/uploads/2021/08/Widebed_Logo-768x461.png 768w, https://proptech.org.my/wp-content/uploads/2021/08/Widebed_Logo-898x540.png
mpa_original/members-directory.html:https://proptech.org.my/wp-content/uploads/2021/09/iSolution_Logo-01-768x461.png
mpa_original/members-directory.html:https://proptech.org.my/wp-content/uploads/2021/09/iSolution_Logo-01-768x461.png 768w, https://proptech.org.my/wp-content/uploads/2021/09/iSolution_Logo-01.png
mpa_original/members-directory.html:https://proptech.org.my/wp-content/uploads/2021/11/Novo-Reperio-01-768x461.png
mpa_original/members-directory.html:https://proptech.org.my/wp-content/uploads/2021/11/Novo-Reperio-01-768x461.png 768w, https://proptech.org.my/wp-content/uploads/2021/11/Novo-Reperio-01.png
mpa_original/members-directory.html:https://proptech.org.my/wp-content/uploads/2022/04/AlphaCoreTech-01-768x461.png
mpa_original/members-directory.html:https://proptech.org.my/wp-content/uploads/2022/04/AlphaCoreTech-01-768x461.png 768w, https://proptech.org.my/wp-content/uploads/2022/04/AlphaCoreTech-01.png
mpa_original/members-directory.html:https://proptech.org.my/wp-content/uploads/2022/04/Mandarin-Fox-01-01-768x461.png
mpa_original/members-directory.html:https://proptech.org.my/wp-content/uploads/2022/04/Mandarin-Fox-01-01-768x461.png 768w, https://proptech.org.my/wp-content/uploads/2022/04/Mandarin-Fox-01-01.png
mpa_original/members-directory.html:https://proptech.org.my/wp-content/uploads/2022/04/SoftwareONE-01-768x461.png
mpa_original/members-directory.html:https://proptech.org.my/wp-content/uploads/2022/04/SoftwareONE-01-768x461.png 768w, https://proptech.org.my/wp-content/uploads/2022/04/SoftwareONE-01.png
mpa_original/members-directory.html:https://proptech.org.my/wp-content/uploads/2022/09/33.HCK-Properties-768x461.png
mpa_original/members-directory.html:https://proptech.org.my/wp-content/uploads/2022/09/33.HCK-Properties-768x461.png 768w, https://proptech.org.my/wp-content/uploads/2022/09/33.HCK-Properties-1152x692.png
mpa_original/members-directory.html:https://proptech.org.my/wp-content/uploads/2022/09/34.-Nuveq-768x461.png
mpa_original/members-directory.html:https://proptech.org.my/wp-content/uploads/2022/09/34.-Nuveq-768x461.png 768w, https://proptech.org.my/wp-content/uploads/2022/09/34.-Nuveq-1152x692.png
mpa_original/members-directory.html:https://proptech.org.my/wp-content/uploads/2022/12/35.-iCares-768x461.png
mpa_original/members-directory.html:https://proptech.org.my/wp-content/uploads/2022/12/35.-iCares-768x461.png 768w, https://proptech.org.my/wp-content/uploads/2022/12/35.-iCares-1152x692.png
mpa_original/members-directory.html:https://proptech.org.my/wp-content/uploads/2022/12/36.-Axaipay-2-768x461.png
mpa_original/members-directory.html:https://proptech.org.my/wp-content/uploads/2022/12/36.-Axaipay-2-768x461.png 768w, https://proptech.org.my/wp-content/uploads/2022/12/36.-Axaipay-2-1152x692.png
mpa_original/members-directory.html:https://proptech.org.my/wp-content/uploads/2022/12/37.-speedbrick-768x461.png
mpa_original/members-directory.html:https://proptech.org.my/wp-content/uploads/2022/12/37.-speedbrick-768x461.png 768w, https://proptech.org.my/wp-content/uploads/2022/12/37.-speedbrick-1152x692.png
mpa_original/members-directory.html:https://proptech.org.my/wp-content/uploads/2022/12/40.-pitchIN-768x461.png
mpa_original/members-directory.html:https://proptech.org.my/wp-content/uploads/2022/12/40.-pitchIN-768x461.png 768w, https://proptech.org.my/wp-content/uploads/2022/12/40.-pitchIN-1152x692.png
mpa_original/members-directory.html:https://proptech.org.my/wp-content/uploads/2022/12/41.-HOMII-768x461.png
mpa_original/members-directory.html:https://proptech.org.my/wp-content/uploads/2022/12/41.-HOMII-768x461.png 768w, https://proptech.org.my/wp-content/uploads/2022/12/41.-HOMII-1152x692.png
mpa_original/mhub.html:https://proptech.org.my/wp-content/uploads/2021/08/MHub_Logo-810x540.png
mpa_original/mhub.html:https://proptech.org.my/wp-content/uploads/2021/08/MHub_Logo.png
mpa_original/myliving-mylife.html:https://proptech.org.my/wp-content/uploads/2021/08/26.-Mylivin-1200x800.png
mpa_original/myliving-mylife.html:https://proptech.org.my/wp-content/uploads/2021/08/26.-Mylivin-1200x800.png 1200w, https://proptech.org.my/wp-content/uploads/2021/08/26.-Mylivin-2400x1600.png
mpa_original/myliving-mylife.html:https://proptech.org.my/wp-content/uploads/2021/08/26.-Mylivin.png
mpa_original/nextsix-property.html:https://proptech.org.my/wp-content/uploads/2021/08/Nextsix_Logo-810x540.png
mpa_original/nextsix-property.html:https://proptech.org.my/wp-content/uploads/2021/08/Nextsix_Logo.png
mpa_original/novo-reperio.html:https://proptech.org.my/wp-content/uploads/2021/11/Novo-Reperio-01-811x541.png
mpa_original/novo-reperio.html:https://proptech.org.my/wp-content/uploads/2021/11/Novo-Reperio-01.png
mpa_original/pitchin.html:https://proptech.org.my/wp-content/uploads/2022/12/40.-pitchIN-1200x800.png
mpa_original/pitchin.html:https://proptech.org.my/wp-content/uploads/2022/12/40.-pitchIN-1200x800.png 1200w, https://proptech.org.my/wp-content/uploads/2022/12/40.-pitchIN-1801x1201.png
mpa_original/pitchin.html:https://proptech.org.my/wp-content/uploads/2022/12/40.-pitchIN.png
mpa_original/propenomy.html:https://proptech.org.my/wp-content/uploads/2021/08/Propenomy_Logo-810x540.png
mpa_original/propenomy.html:https://proptech.org.my/wp-content/uploads/2021/08/Propenomy_Logo.png
mpa_original/properly.html:https://proptech.org.my/wp-content/uploads/2021/08/Properly_Logo-810x540.png
mpa_original/properly.html:https://proptech.org.my/wp-content/uploads/2021/08/Properly_Logo.png
mpa_original/property-hunter.html:https://proptech.org.my/wp-content/uploads/2021/08/PropertyHunter_Logo-810x540.png
mpa_original/property-hunter.html:https://proptech.org.my/wp-content/uploads/2021/08/PropertyHunter_Logo.png
mpa_original/prosales.html:https://proptech.org.my/wp-content/uploads/2021/08/Prosales-Logo-810x540.png
mpa_original/prosales.html:https://proptech.org.my/wp-content/uploads/2021/08/Prosales-Logo.png
mpa_original/rekatone-com.html:https://proptech.org.my/wp-content/uploads/2021/08/Rekatone_Logo-810x540.png
mpa_original/rekatone-com.html:https://proptech.org.my/wp-content/uploads/2021/08/Rekatone_Logo.png
mpa_original/rentlab.html:https://proptech.org.my/wp-content/uploads/2021/08/Rentlab_Logo-810x540.png
mpa_original/rentlab.html:https://proptech.org.my/wp-content/uploads/2021/08/Rentlab_Logo.png
mpa_original/salescandy.html:https://proptech.org.my/wp-content/uploads/2021/08/Salescandy_Logo-810x540.png
mpa_original/salescandy.html:https://proptech.org.my/wp-content/uploads/2021/08/Salescandy_Logo.png
mpa_original/servedeck.html:https://proptech.org.my/wp-content/uploads/2021/08/Servedeck-Logo-810x540.png
mpa_original/servedeck.html:https://proptech.org.my/wp-content/uploads/2021/08/Servedeck-Logo.png
mpa_original/smplrspace.html:https://proptech.org.my/wp-content/uploads/2021/08/Smplrspace_Logo-810x540.png
mpa_original/smplrspace.html:https://proptech.org.my/wp-content/uploads/2021/08/Smplrspace_Logo.png
mpa_original/softwareone-experts.html:https://proptech.org.my/wp-content/uploads/2022/04/SoftwareONE-01-811x541.png
mpa_original/softwareone-experts.html:https://proptech.org.my/wp-content/uploads/2022/04/SoftwareONE-01.png
mpa_original/speedbrick.html:https://proptech.org.my/wp-content/uploads/2022/12/37.-speedbrick-1200x800.png
mpa_original/speedbrick.html:https://proptech.org.my/wp-content/uploads/2022/12/37.-speedbrick-1200x800.png 1200w, https://proptech.org.my/wp-content/uploads/2022/12/37.-speedbrick-1801x1201.png
mpa_original/speedbrick.html:https://proptech.org.my/wp-content/uploads/2022/12/37.-speedbrick.png
mpa_original/squarefeet-pro.html:https://proptech.org.my/wp-content/uploads/2021/08/SquareFeetPro_Logo-810x540.png
mpa_original/squarefeet-pro.html:https://proptech.org.my/wp-content/uploads/2021/08/SquareFeetPro_Logo.png
mpa_original/tplus.html:https://proptech.org.my/wp-content/uploads/2021/08/T_Logo-810x540.png
mpa_original/tplus.html:https://proptech.org.my/wp-content/uploads/2021/08/T_Logo.png
mpa_original/vendfun-sdn-bhd.html:https://proptech.org.my/wp-content/uploads/2021/08/VendFun_Logo-810x540.png
mpa_original/vendfun-sdn-bhd.html:https://proptech.org.my/wp-content/uploads/2021/08/VendFun_Logo.png
mpa_original/widebed.html:https://proptech.org.my/wp-content/uploads/2021/08/Widebed_Logo-810x540.png
mpa_original/widebed.html:https://proptech.org.my/wp-content/uploads/2021/08/Widebed_Logo.png
